{
"lengthUnit": "mil",
"remark": [],
"components": {
	"fields": ["COMPONENT_NO", "COMPONENT_NAME", "LAYER", "X_COORDINATE", "Y_COORDINATE", "ANGLE"],
	"rows": [
		[1, "C1", "T", 1595, 960, 270],
		[2, "C2", "T", 770, 635, 0],
		[3, "C3", "T", 665, 920, 0],
		[4, "C4", "T", 745, 485, 0],
		[5, "C5", "T", 1015, 535, 270],
		[6, "C6", "T", 1150, 1205, 180],
		[7, "C7", "T", 740, 785, 0],
		[8, "C8", "T", 1585, 690, 0],
		[9, "C9", "T", 1575, 810, 180],
		[10, "J1", "T", 420, 1190, 270],
		[11, "J2", "T", 1955, 1175, 90],
		[12, "J3", "T", 1955, 485, 90],
		[13, "J4", "T", 420, 485, 270],
		[14, "J5", "T", 1355, 420, 0],
		[15, "R1", "T", 825, 1285, 90],
		[16, "R2", "T", 910, 1285, 90],
		[17, "R3", "T", 1355, 1205, 0],
		[18, "SW1", "T", 1500, 1290, 270],
		[19, "U1", "T", 1128, 817, 270],
		[20, "PAD1", "T", 1595, 920.63, 0],
		[21, "PAD2", "T", 1595, 999.37, 0],
		[22, "PAD3", "T", 809.37, 635, 0],
		[23, "PAD4", "T", 730.63, 635, 0],
		[24, "PAD5", "T", 704.37, 920, 0],
		[25, "PAD6", "T", 625.63, 920, 0],
		[26, "PAD7", "T", 784.37, 485, 0],
		[27, "PAD8", "T", 705.63, 485, 0],
		[28, "PAD9", "T", 1015, 601.39, 0],
		[29, "PAD10", "T", 1015, 468.61, 0],
		[30, "PAD11", "T", 1223.25, 1205, 0],
		[31, "PAD12", "T", 1076.75, 1205, 0],
		[32, "PAD13", "T", 779.37, 785, 0],
		[33, "PAD14", "T", 700.63, 785, 0],
		[34, "PAD15", "T", 1511.75, 690, 0],
		[35, "PAD16", "T", 1658.25, 690, 0],
		[36, "PAD17", "T", 1535.63, 810, 0],
		[37, "PAD18", "T", 1614.37, 810, 0],
		[38, "PAD19", "T", 420, 1290, 0],
		[39, "PAD19", "B", 420, 1290, 0],
		[40, "PAD20", "T", 420, 1090, 0],
		[41, "PAD20", "B", 420, 1090, 0],
		[42, "PAD21", "T", 1955, 1075, 0],
		[43, "PAD21", "B", 1955, 1075, 0],
		[44, "PAD22", "T", 1955, 1275, 0],
		[45, "PAD22", "B", 1955, 1275, 0],
		[46, "PAD23", "T", 1955, 385, 0],
		[47, "PAD23", "B", 1955, 385, 0],
		[48, "PAD24", "T", 1955, 585, 0],
		[49, "PAD24", "B", 1955, 585, 0],
		[50, "PAD25", "T", 420, 585, 0],
		[51, "PAD25", "B", 420, 585, 0],
		[52, "PAD26", "T", 420, 385, 0],
		[53, "PAD26", "B", 420, 385, 0],
		[54, "PAD27", "T", 1255, 420, 0],
		[55, "PAD27", "B", 1255, 420, 0],
		[56, "PAD28", "T", 1455, 420, 0],
		[57, "PAD28", "B", 1455, 420, 0],
		[58, "PAD29", "T", 825, 1324.37, 0],
		[59, "PAD30", "T", 825, 1245.63, 0],
		[60, "PAD31", "T", 910, 1324.37, 0],
		[61, "PAD32", "T", 910, 1245.63, 0],
		[62, "PAD33", "T", 1394.37, 1205, 0],
		[63, "PAD34", "T", 1315.63, 1205, 0],
		[64, "PAD35", "T", 1015, 932.16, 0],
		[65, "PAD36", "T", 1015, 906.57, 0],
		[66, "PAD37", "T", 1015, 880.98, 0],
		[67, "PAD38", "T", 1015, 855.39, 0],
		[68, "PAD39", "T", 1015, 829.8, 0],
		[69, "PAD40", "T", 1015, 804.21, 0],
		[70, "PAD41", "T", 1015, 778.61, 0],
		[71, "PAD42", "T", 1015, 753.02, 0],
		[72, "PAD43", "T", 1015, 727.43, 0],
		[73, "PAD44", "T", 1015, 701.84, 0],
		[74, "PAD45", "T", 1241, 932.16, 0],
		[75, "PAD46", "T", 1241, 906.57, 0],
		[76, "PAD47", "T", 1241, 880.98, 0],
		[77, "PAD48", "T", 1241, 855.39, 0],
		[78, "PAD49", "T", 1241, 829.8, 0],
		[79, "PAD50", "T", 1241, 804.21, 0],
		[80, "PAD51", "T", 1241, 778.61, 0],
		[81, "PAD52", "T", 1241, 753.02, 0],
		[82, "PAD53", "T", 1241, 727.43, 0],
		[83, "PAD54", "T", 1241, 701.84, 0],
		[84, "PAD55", "T", 1128, 817, 0],
		[85, "PAD56", "T", 1500, 1376.02, 0],
		[86, "PAD57", "T", 1500, 1203.98, 0]
	]
},
"pins": {
	"fields": ["PIN_NO", "PIN_NAME", "PIN_X", "PIN_Y", "LAYER", "PIN_TYPE", "NET_NAME", "NET_TYPE", "PAD_SHAPE", "PAD_SIZEX", "PAD_SIZEY", "HOLE_SIZE", "HOLE_LEN", "PAD_ANGLE"],
	"rows": [
		[1, "C1_1", 1595, 999.37, "T", "SMD", "$1N1613", "", "R", 55.512, 53.15, 0, 0, 270],
		[2, "C1_2", 1595, 920.63, "T", "SMD", "RIN-", "", "R", 55.512, 53.15, 0, 0, 270],
		[3, "C2_1", 730.63, 635, "T", "SMD", "$1N1687", "", "R", 55.512, 53.15, 0, 0, 0],
		[4, "C2_2", 809.37, 635, "T", "SMD", "RIN+", "", "R", 55.512, 53.15, 0, 0, 0],
		[5, "C3_1", 625.63, 920, "T", "SMD", "$1N1821", "", "R", 55.512, 53.15, 0, 0, 0],
		[6, "C3_2", 704.37, 920, "T", "SMD", "LIN-", "", "R", 55.512, 53.15, 0, 0, 0],
		[7, "C4_1", 705.63, 485, "T", "SMD", "$1N1824", "", "R", 55.512, 53.15, 0, 0, 0],
		[8, "C4_2", 784.37, 485, "T", "SMD", "LIN+", "", "R", 55.512, 53.15, 0, 0, 0],
		[9, "C5_1", 1015, 601.39, "T", "SMD", "BYPASS", "", "R", 59.055, 51.024, 0, 0, 90],
		[10, "C5_2", 1015, 468.61, "T", "SMD", "GND", "GND", "R", 59.055, 51.024, 0, 0, 90],
		[11, "C6_1", 1223.25, 1205, "T", "SMD", "VCC", "", "R", 59.301, 93.543, 0, 0, 0],
		[12, "C6_2", 1076.75, 1205, "T", "SMD", "GND", "GND", "R", 59.301, 93.543, 0, 0, 0],
		[13, "C7_1", 700.63, 785, "T", "SMD", "GND", "GND", "R", 55.512, 53.15, 0, 0, 0],
		[14, "C7_2", 779.37, 785, "T", "SMD", "VCC", "", "R", 55.512, 53.15, 0, 0, 0],
		[15, "C8_1", 1511.75, 690, "T", "SMD", "VCC", "", "R", 59.301, 93.543, 0, 0, 180],
		[16, "C8_2", 1658.25, 690, "T", "SMD", "GND", "GND", "R", 59.301, 93.543, 0, 0, 180],
		[17, "C9_1", 1614.37, 810, "T", "SMD", "GND", "GND", "R", 55.512, 53.15, 0, 0, 180],
		[18, "C9_2", 1535.63, 810, "T", "SMD", "VCC", "", "R", 55.512, 53.15, 0, 0, 180],
		[19, "J1_1", 420, 1290, "T", "DIP", "$1N1613", "", "R", 86.614, 86.614, 59.056, 59.056, 270],
		[20, "J1_1", 420, 1290, "B", "DIP", "$1N1613", "", "R", 86.614, 86.614, 59.056, 59.056, 270],
		[21, "J1_2", 420, 1090, "T", "DIP", "$1N1687", "", "C", 86.614, 86.614, 59.056, 59.056, 270],
		[22, "J1_2", 420, 1090, "B", "DIP", "$1N1687", "", "C", 86.614, 86.614, 59.056, 59.056, 270],
		[23, "J2_1", 1955, 1075, "T", "DIP", "ROUT-", "", "R", 86.614, 86.614, 59.056, 59.056, 90],
		[24, "J2_1", 1955, 1075, "B", "DIP", "ROUT-", "", "R", 86.614, 86.614, 59.056, 59.056, 90],
		[25, "J2_2", 1955, 1275, "T", "DIP", "ROUT+", "", "C", 86.614, 86.614, 59.056, 59.056, 90],
		[26, "J2_2", 1955, 1275, "B", "DIP", "ROUT+", "", "C", 86.614, 86.614, 59.056, 59.056, 90],
		[27, "J3_1", 1955, 385, "T", "DIP", "LOUT-", "", "R", 86.614, 86.614, 59.056, 59.056, 90],
		[28, "J3_1", 1955, 385, "B", "DIP", "LOUT-", "", "R", 86.614, 86.614, 59.056, 59.056, 90],
		[29, "J3_2", 1955, 585, "T", "DIP", "LOUT+", "", "C", 86.614, 86.614, 59.056, 59.056, 90],
		[30, "J3_2", 1955, 585, "B", "DIP", "LOUT+", "", "C", 86.614, 86.614, 59.056, 59.056, 90],
		[31, "J4_1", 420, 585, "T", "DIP", "$1N1821", "", "R", 86.614, 86.614, 59.056, 59.056, 270],
		[32, "J4_1", 420, 585, "B", "DIP", "$1N1821", "", "R", 86.614, 86.614, 59.056, 59.056, 270],
		[33, "J4_2", 420, 385, "T", "DIP", "$1N1824", "", "C", 86.614, 86.614, 59.056, 59.056, 270],
		[34, "J4_2", 420, 385, "B", "DIP", "$1N1824", "", "C", 86.614, 86.614, 59.056, 59.056, 270],
		[35, "J5_1", 1255, 420, "T", "DIP", "VCC", "", "R", 86.614, 86.614, 59.056, 59.056, 0],
		[36, "J5_1", 1255, 420, "B", "DIP", "VCC", "", "R", 86.614, 86.614, 59.056, 59.056, 0],
		[37, "J5_2", 1455, 420, "T", "DIP", "GND", "GND", "C", 86.614, 86.614, 59.056, 59.056, 0],
		[38, "J5_2", 1455, 420, "B", "DIP", "GND", "GND", "C", 86.614, 86.614, 59.056, 59.056, 0],
		[39, "R1_1", 825, 1245.63, "T", "SMD", "GAIN1", "", "R", 44.588, 54.213, 0, 0, 90],
		[40, "R1_2", 825, 1324.37, "T", "SMD", "GND", "GND", "R", 44.588, 54.213, 0, 0, 90],
		[41, "R2_1", 910, 1245.63, "T", "SMD", "GAIN0", "", "R", 44.588, 54.213, 0, 0, 90],
		[42, "R2_2", 910, 1324.37, "T", "SMD", "GND", "GND", "R", 44.588, 54.213, 0, 0, 90],
		[43, "R3_1", 1315.63, 1205, "T", "SMD", "VCC", "", "R", 44.588, 54.213, 0, 0, 0],
		[44, "R3_2", 1394.37, 1205, "T", "SMD", "SHUTDOWN_", "", "R", 44.588, 54.213, 0, 0, 0],
		[45, "SW1_1", 1500, 1376.02, "T", "SMD", "GND", "GND", "R", 48.425, 53.543, 0, 0, 270],
		[46, "SW1_2", 1500, 1203.98, "T", "SMD", "SHUTDOWN_", "", "R", 48.425, 53.543, 0, 0, 270],
		[47, "U1_1", 1015, 932.16, "T", "SMD", "GND", "GND", "R", 14.5, 61.5, 0, 0, 90],
		[48, "U1_2", 1015, 906.57, "T", "SMD", "GAIN0", "", "R", 14.5, 61.5, 0, 0, 90],
		[49, "U1_3", 1015, 880.98, "T", "SMD", "GAIN1", "", "R", 14.5, 61.5, 0, 0, 90],
		[50, "U1_4", 1015, 855.39, "T", "SMD", "LOUT+", "", "R", 14.5, 61.5, 0, 0, 90],
		[51, "U1_5", 1015, 829.8, "T", "SMD", "LIN-", "", "R", 14.5, 61.5, 0, 0, 90],
		[52, "U1_6", 1015, 804.21, "T", "SMD", "VCC", "", "R", 14.5, 61.5, 0, 0, 90],
		[53, "U1_7", 1015, 778.61, "T", "SMD", "RIN+", "", "R", 14.5, 61.5, 0, 0, 90],
		[54, "U1_8", 1015, 753.02, "T", "SMD", "LOUT-", "", "R", 14.5, 61.5, 0, 0, 90],
		[55, "U1_9", 1015, 727.43, "T", "SMD", "LIN+", "", "R", 14.5, 61.5, 0, 0, 90],
		[56, "U1_10", 1015, 701.84, "T", "SMD", "BYPASS", "", "R", 14.5, 61.5, 0, 0, 90],
		[57, "U1_11", 1241, 701.84, "T", "SMD", "GND", "GND", "R", 14.5, 61.5, 0, 0, 90],
		[58, "U1_12", 1241, 727.43, "T", "SMD", "GND", "GND", "R", 14.5, 61.5, 0, 0, 90],
		[59, "U1_13", 1241, 753.02, "T", "SMD", "GND", "GND", "R", 14.5, 61.5, 0, 0, 90],
		[60, "U1_14", 1241, 778.61, "T", "SMD", "ROUT-", "", "R", 14.5, 61.5, 0, 0, 90],
		[61, "U1_15", 1241, 804.21, "T", "SMD", "VCC", "", "R", 14.5, 61.5, 0, 0, 90],
		[62, "U1_16", 1241, 829.8, "T", "SMD", "VCC", "", "R", 14.5, 61.5, 0, 0, 90],
		[63, "U1_17", 1241, 855.39, "T", "SMD", "RIN-", "", "R", 14.5, 61.5, 0, 0, 90],
		[64, "U1_18", 1241, 880.98, "T", "SMD", "ROUT+", "", "R", 14.5, 61.5, 0, 0, 90],
		[65, "U1_19", 1241, 906.57, "T", "SMD", "SHUTDOWN_", "", "R", 14.5, 61.5, 0, 0, 90],
		[66, "U1_20", 1241, 932.16, "T", "SMD", "GND", "GND", "R", 14.5, 61.5, 0, 0, 90],
		[67, "U1_21", 1128, 817, "T", "SMD", "GND", "GND", "R", 78.74, 118.11, 0, 0, 0],
		[68, "PAD1_2", 1595, 920.63, "T", "SMD", "RIN-", "", "R", 55.512, 53.15, 0, 0, 270],
		[69, "PAD2_1", 1595, 999.37, "T", "SMD", "$1N1613", "", "R", 55.512, 53.15, 0, 0, 270],
		[70, "PAD3_2", 809.37, 635, "T", "SMD", "RIN+", "", "R", 55.512, 53.15, 0, 0, 0],
		[71, "PAD4_1", 730.63, 635, "T", "SMD", "$1N1687", "", "R", 55.512, 53.15, 0, 0, 0],
		[72, "PAD5_2", 704.37, 920, "T", "SMD", "LIN-", "", "R", 55.512, 53.15, 0, 0, 0],
		[73, "PAD6_1", 625.63, 920, "T", "SMD", "$1N1821", "", "R", 55.512, 53.15, 0, 0, 0],
		[74, "PAD7_2", 784.37, 485, "T", "SMD", "LIN+", "", "R", 55.512, 53.15, 0, 0, 0],
		[75, "PAD8_1", 705.63, 485, "T", "SMD", "$1N1824", "", "R", 55.512, 53.15, 0, 0, 0],
		[76, "PAD9_1", 1015, 601.39, "T", "SMD", "BYPASS", "", "R", 59.055, 51.024, 0, 0, 90],
		[77, "PAD10_2", 1015, 468.61, "T", "SMD", "GND", "GND", "R", 59.055, 51.024, 0, 0, 90],
		[78, "PAD11_1", 1223.25, 1205, "T", "SMD", "VCC", "", "R", 59.301, 93.543, 0, 0, 0],
		[79, "PAD12_2", 1076.75, 1205, "T", "SMD", "GND", "GND", "R", 59.301, 93.543, 0, 0, 0],
		[80, "PAD13_2", 779.37, 785, "T", "SMD", "VCC", "", "R", 55.512, 53.15, 0, 0, 0],
		[81, "PAD14_1", 700.63, 785, "T", "SMD", "GND", "GND", "R", 55.512, 53.15, 0, 0, 0],
		[82, "PAD15_1", 1511.75, 690, "T", "SMD", "VCC", "", "R", 59.301, 93.543, 0, 0, 180],
		[83, "PAD16_2", 1658.25, 690, "T", "SMD", "GND", "GND", "R", 59.301, 93.543, 0, 0, 180],
		[84, "PAD17_2", 1535.63, 810, "T", "SMD", "VCC", "", "R", 55.512, 53.15, 0, 0, 180],
		[85, "PAD18_1", 1614.37, 810, "T", "SMD", "GND", "GND", "R", 55.512, 53.15, 0, 0, 180],
		[86, "PAD19_1", 420, 1290, "T", "DIP", "$1N1613", "", "R", 86.614, 86.614, 59.056, 59.056, 270],
		[87, "PAD19_1", 420, 1290, "B", "DIP", "$1N1613", "", "R", 86.614, 86.614, 59.056, 59.056, 270],
		[88, "PAD20_2", 420, 1090, "T", "DIP", "$1N1687", "", "C", 86.614, 86.614, 59.056, 59.056, 270],
		[89, "PAD20_2", 420, 1090, "B", "DIP", "$1N1687", "", "C", 86.614, 86.614, 59.056, 59.056, 270],
		[90, "PAD21_1", 1955, 1075, "T", "DIP", "ROUT-", "", "R", 86.614, 86.614, 59.056, 59.056, 90],
		[91, "PAD21_1", 1955, 1075, "B", "DIP", "ROUT-", "", "R", 86.614, 86.614, 59.056, 59.056, 90],
		[92, "PAD22_2", 1955, 1275, "T", "DIP", "ROUT+", "", "C", 86.614, 86.614, 59.056, 59.056, 90],
		[93, "PAD22_2", 1955, 1275, "B", "DIP", "ROUT+", "", "C", 86.614, 86.614, 59.056, 59.056, 90],
		[94, "PAD23_1", 1955, 385, "T", "DIP", "LOUT-", "", "R", 86.614, 86.614, 59.056, 59.056, 90],
		[95, "PAD23_1", 1955, 385, "B", "DIP", "LOUT-", "", "R", 86.614, 86.614, 59.056, 59.056, 90],
		[96, "PAD24_2", 1955, 585, "T", "DIP", "LOUT+", "", "C", 86.614, 86.614, 59.056, 59.056, 90],
		[97, "PAD24_2", 1955, 585, "B", "DIP", "LOUT+", "", "C", 86.614, 86.614, 59.056, 59.056, 90],
		[98, "PAD25_1", 420, 585, "T", "DIP", "$1N1821", "", "R", 86.614, 86.614, 59.056, 59.056, 270],
		[99, "PAD25_1", 420, 585, "B", "DIP", "$1N1821", "", "R", 86.614, 86.614, 59.056, 59.056, 270],
		[100, "PAD26_2", 420, 385, "T", "DIP", "$1N1824", "", "C", 86.614, 86.614, 59.056, 59.056, 270],
		[101, "PAD26_2", 420, 385, "B", "DIP", "$1N1824", "", "C", 86.614, 86.614, 59.056, 59.056, 270],
		[102, "PAD27_1", 1255, 420, "T", "DIP", "VCC", "", "R", 86.614, 86.614, 59.056, 59.056, 0],
		[103, "PAD27_1", 1255, 420, "B", "DIP", "VCC", "", "R", 86.614, 86.614, 59.056, 59.056, 0],
		[104, "PAD28_2", 1455, 420, "T", "DIP", "GND", "GND", "C", 86.614, 86.614, 59.056, 59.056, 0],
		[105, "PAD28_2", 1455, 420, "B", "DIP", "GND", "GND", "C", 86.614, 86.614, 59.056, 59.056, 0],
		[106, "PAD29_2", 825, 1324.37, "T", "SMD", "GND", "GND", "R", 44.588, 54.213, 0, 0, 90],
		[107, "PAD30_1", 825, 1245.63, "T", "SMD", "GAIN1", "", "R", 44.588, 54.213, 0, 0, 90],
		[108, "PAD31_2", 910, 1324.37, "T", "SMD", "GND", "GND", "R", 44.588, 54.213, 0, 0, 90],
		[109, "PAD32_1", 910, 1245.63, "T", "SMD", "GAIN0", "", "R", 44.588, 54.213, 0, 0, 90],
		[110, "PAD33_2", 1394.37, 1205, "T", "SMD", "SHUTDOWN_", "", "R", 44.588, 54.213, 0, 0, 0],
		[111, "PAD34_1", 1315.63, 1205, "T", "SMD", "VCC", "", "R", 44.588, 54.213, 0, 0, 0],
		[112, "PAD35_1", 1015, 932.16, "T", "SMD", "GND", "GND", "R", 14.5, 61.5, 0, 0, 90],
		[113, "PAD36_2", 1015, 906.57, "T", "SMD", "GAIN0", "", "R", 14.5, 61.5, 0, 0, 90],
		[114, "PAD37_3", 1015, 880.98, "T", "SMD", "GAIN1", "", "R", 14.5, 61.5, 0, 0, 90],
		[115, "PAD38_4", 1015, 855.39, "T", "SMD", "LOUT+", "", "R", 14.5, 61.5, 0, 0, 90],
		[116, "PAD39_5", 1015, 829.8, "T", "SMD", "LIN-", "", "R", 14.5, 61.5, 0, 0, 90],
		[117, "PAD40_6", 1015, 804.21, "T", "SMD", "VCC", "", "R", 14.5, 61.5, 0, 0, 90],
		[118, "PAD41_7", 1015, 778.61, "T", "SMD", "RIN+", "", "R", 14.5, 61.5, 0, 0, 90],
		[119, "PAD42_8", 1015, 753.02, "T", "SMD", "LOUT-", "", "R", 14.5, 61.5, 0, 0, 90],
		[120, "PAD43_9", 1015, 727.43, "T", "SMD", "LIN+", "", "R", 14.5, 61.5, 0, 0, 90],
		[121, "PAD44_10", 1015, 701.84, "T", "SMD", "BYPASS", "", "R", 14.5, 61.5, 0, 0, 90],
		[122, "PAD45_20", 1241, 932.16, "T", "SMD", "GND", "GND", "R", 14.5, 61.5, 0, 0, 90],
		[123, "PAD46_19", 1241, 906.57, "T", "SMD", "SHUTDOWN_", "", "R", 14.5, 61.5, 0, 0, 90],
		[124, "PAD47_18", 1241, 880.98, "T", "SMD", "ROUT+", "", "R", 14.5, 61.5, 0, 0, 90],
		[125, "PAD48_17", 1241, 855.39, "T", "SMD", "RIN-", "", "R", 14.5, 61.5, 0, 0, 90],
		[126, "PAD49_16", 1241, 829.8, "T", "SMD", "VCC", "", "R", 14.5, 61.5, 0, 0, 90],
		[127, "PAD50_15", 1241, 804.21, "T", "SMD", "VCC", "", "R", 14.5, 61.5, 0, 0, 90],
		[128, "PAD51_14", 1241, 778.61, "T", "SMD", "ROUT-", "", "R", 14.5, 61.5, 0, 0, 90],
		[129, "PAD52_13", 1241, 753.02, "T", "SMD", "GND", "GND", "R", 14.5, 61.5, 0, 0, 90],
		[130, "PAD53_12", 1241, 727.43, "T", "SMD", "GND", "GND", "R", 14.5, 61.5, 0, 0, 90],
		[131, "PAD54_11", 1241, 701.84, "T", "SMD", "GND", "GND", "R", 14.5, 61.5, 0, 0, 90],
		[132, "PAD55_21", 1128, 817, "T", "SMD", "GND", "GND", "R", 78.74, 118.11, 0, 0, 0],
		[133, "PAD56_1", 1500, 1376.02, "T", "SMD", "GND", "GND", "R", 48.425, 53.543, 0, 0, 270],
		[134, "PAD57_2", 1500, 1203.98, "T", "SMD", "SHUTDOWN_", "", "R", 48.425, 53.543, 0, 0, 270]
	]
}
}